{
  "center": {
    "x": 0.4941566338242207,
    "y": -0.0609271319474891
  },
  "top_left": {
    "x": 0.45893775503671,
    "y": -0.06411238204349487
  },
  "top_right": {
    "x": 0.5539841435067171,
    "y": -0.06406097484829788
  },
  "bottom_left": {
    "x": 0.47304924578893015,
    "y": -0.04078639910314898
  },
  "bottom_right": {
    "x": 0.5408138406426072,
    "y": -0.05423048584648406
  }
}