{
  "center": {
    "x": 0.48796680188943165,
    "y": 0.38681208392569316
  },
  "top_left": {
    "x": 0.451341963319894,
    "y": 0.3760941151786674
  },
  "top_right": {
    "x": 0.480308939371285,
    "y": 0.38500031848089283
  },
  "bottom_left": {
    "x": 0.45015002546479377,
    "y": 0.37941083915470003
  },
  "bottom_right": {
    "x": 0.49568674375940275,
    "y": 0.38101406831734946
  }
}