{
  "top_left": {
    "x": 0.3587026329395071,
    "y": 0.43518557639501043
  },
  "top_center": {
    "x": 0.4633424365282784,
    "y": 0.436179857292338
  },
  "top_right": {
    "x": 0.5692523933360306,
    "y": 0.4342604985920508
  },
  "middle_left": {
    "x": 0.3716992198617398,
    "y": 0.46066792757970343
  },
  "center": {
    "x": 0.4662433216686803,
    "y": 0.4796457820338967
  },
  "middle_right": {
    "x": 0.5935827924529875,
    "y": 0.4631930435262069
  },
  "bottom_left": {
    "x": 0.3892004098005446,
    "y": 0.4813396716200194
  },
  "bottom_center": {
    "x": 0.47573116797604736,
    "y": 0.4847242815156245
  },
  "bottom_right": {
    "x": 0.5418868012905347,
    "y": 0.4825573037645487
  }
}