{
  "center": {
    "x": 0.48848580069034003,
    "y": -0.06085164033014444
  },
  "top_left": {
    "x": 0.4731988494399206,
    "y": -0.07185961235127436
  },
  "top_right": {
    "x": 0.5186314798210727,
    "y": -0.06985991430375182
  },
  "bottom_left": {
    "x": 0.476947248808204,
    "y": -0.05285944570388952
  },
  "bottom_right": {
    "x": 0.5140314957091977,
    "y": -0.055541657261845886
  }
}