{
  "center": {
    "x": 0.480560791393,
    "y": -0.062135576558804084
  },
  "top_left": {
    "x": 0.4566149793811847,
    "y": -0.06786273344616371
  },
  "top_right": {
    "x": 0.5662826346145603,
    "y": -0.07493522929617269
  },
  "bottom_left": {
    "x": 0.4773701813808667,
    "y": -0.04837972039861559
  },
  "bottom_right": {
    "x": 0.5465489755093746,
    "y": -0.06501107972822687
  }
}